컨텐츠,날짜,좋아요,장소,태그
"#리그램 - @gunwoo_o942021. 11. 30 제주 1일❤️..또 가고싶다!!..........................................@gunwoo_o94 님의 멋진 사진 너무 감사합니다♥️역시 찬 바람 불 땐 스튜🙃오늘도 변함없이 맛있게 준비해서 11시에 오픈합니다🙆‍♀️전 메뉴 포장 가능하며,도착 30분 전 전화주시면 시간 맞춰 포장 도와드리겠습니다🙋‍♀️오늘도 #안녕하샌",2021-12-07,333,월정리해변,"['#리그램', '#안녕하샌']"
#제주여행 간단하고 든든한 음식 찾는데 어딨는지 모르시겠다고요?! 돈워리~ 걱정하지 마세요! 바로 #참멜 #참멜 이 있잖아요~~ 🎵🎵부담 없는 메밀면에 든든하고 푸짐~한 #돈마호크 토핑 추가해서 먹으면 그야말로 끝장.. 아니 환상~ 이죠! ❤❤#제주도맛집 찾으신다면 #참멜하세요 🥰,2021-12-08,316,참직한 멜국수,"['#제주여행', '#참멜', '#참멜', '#돈마호크', '#제주도맛집', '#참멜하세요']"
"협찬인기개그맨 옥동자 정종철이 강추하는제주맛집 ""랍스터빈""주소 : 제주시 애월읍 애월해안로 752전화 : 064-743-1979영업 : 오전11시~밤10시 연중무휴포장ㆍ배달 환영💘 랍스터빈#애월맛집 #애월카페 #제주애월맛집 #제주도맛집 #제주맛집 #제주도카페 #제주카페 #외도맛집 #하귀맛집 #한림맛집 #중문카페#애월해안도로맛집 #서귀포카페 #제주공항맛집 #제주공항근처맛집#성산맛집#성산일출봉맛집#서귀포맛집#중문맛집#함덕맛집",2021-12-07,nu104109님 여러 명이 좋아합니,랍스터빈_jeju,"['#애월맛집', '#애월카페', '#제주애월맛집', '#제주도맛집', '#제주맛집', '#제주도카페', '#제주카페', '#외도맛집', '#하귀맛집', '#한림맛집', '#중문카페', '#애월해안도로맛집', '#서귀포카페', '#제주공항맛집', '#제주공항근처맛집', '#성산맛집', '#성산일출봉맛집', '#서귀포맛집', '#중문맛집', '#함덕맛집']"
"제발 칼비빔국수랑 만두조합 모르는사람 없게해주세요,, 문래동의 숨은 보석같은 맛집 #영일분식 맛있는녀석들, 유퀴즈에서도 소개된 문래동에 위치한 줄서서먹는 맛집 영일분식!! 예전부터 정말 가보고싶었는데 재방문각 바로 잡고 나왔어요!! 밑반찬으로 나오는 김치부터 합격!! 칼비빔국수랑 만두조합은 무조건이예요!! 면발부터 엄청 쫄깃하고 양념도 매콤새콤달콤한게 넘 찰떡!!! 칼국수도 국물이 자극적이지않은게 계속 먹게되는맛!! 그리고 여기 만두가 속이 아주 꽈악 차있어서 존마탱이예요!! 국물에 담먹해먹어도 맛있고 칼비빔양념과 함께먹어도 찰떡이더라구요!! ✔️위치 : 서울 영등포구 문래동 4가 8-26-> 문래역 1번출구에서 570m✔️메뉴 : 칼비빔국수(7000),칼국수(6000),소면(6000),만두(5000)#문래동맛집 #문래맛집 #영등포맛집 #칼국수맛집 #국수맛집 #노포맛집 #맛있는녀석들 #만두맛집 #비빔국수",2021-12-07,"1,236",영일 분식,"['#영일분식', '#문래동맛집', '#문래맛집', '#영등포맛집', '#칼국수맛집', '#국수맛집', '#노포맛집', '#맛있는녀석들', '#만두맛집', '#비빔국수']"
"줄서는 스시집 재료가 신선할 수 밖에 없는 이유!! 다 알고계시죠?? 제주 애월 최고의 오션뷰 핫플레이스 한라봉스시!! 👼🏻천국의계단(2-3인 메뉴)👼🏻 제주를 담은 신선한 식자재로 준비했습니다. 비쥬얼뿐만 아니라 퀄리티있는 제주 최고의 초밥 한라봉스시와 함께 하세요. 입맛을 만족시키는 실력, 마음을 사로잡는 능력이 있는 매력적인 한라봉스시 추천드립니다제주시 애월읍 애월북서길 54 2층OPEN 10:00 / CLOSE 21:30LAST ODER 20:30감사합니다.#애월맛집 #제주도맛집#제주맛집 #애월스시#제주스시#애월횟집#제주횟집 #애월초밥#제주초밥#제주핫플 #애월핫플 #한라봉스시 #협재맛집 #한림맛집 #애월카페#선팔하면맞팔",2021-12-08,426,애월해안가,"['#애월맛집', '#제주도맛집', '#제주맛집', '#애월스시', '#제주스시', '#애월횟집', '#제주횟집', '#애월초밥', '#제주초밥', '#제주핫플', '#애월핫플', '#한라봉스시', '#협재맛집', '#한림맛집', '#애월카페', '#선팔하면맞팔']"
"아침부터 스튜 포장이 많네요🙋‍♀️스튜는 마늘빵과 함께 제공해드리고 있으며,마늘빵 위에 스튜 한스푼 얹어서 꼭 드셔보세요♥️전 메뉴 포장 가능하며,도착 30분 전 전화주시면 시간 맞춰 포장 도와드리겠습니다🙆‍♀️오늘도 #안녕하샌",2021-12-08,445,월정리해변,['#안녕하샌']
".❤제주 ""제이쁠쁠""❤제주 어디든 예약만 해두면 숙소로배달와버리는 제주출신흑돼지!!😍😍3cm의 두깨의 흑돼지가 펜션갈때,캠핑갈때주문하기만 하면 따라온다규🎉🎉거기다 쌈장,멜젓,젓가락까지 같이 온다구하니이거..뭐 마실 술만 가져가면 되겟고만!!👍👍@그리고 고기 구울 친구만 데꼬와!!👉구매방법:네이버에 제이쁠쁠검색!✅매장 전화번호 : 1544-5492✅인스타그램 아이디 : @j.plpl..#제주맛집 #제주도맛집 #제주공항근처맛집 #제주시맛집 #애월맛집 #중문맛집 #제주공항맛집 #서귀포맛집 #산방산맛집 #신제주맛집 #제주시청맛집 #제주애월맛집 #월정리맛집 #제주여행 #제주핫플",2021-12-07,"1,073",,"['#제주맛집', '#제주도맛집', '#제주공항근처맛집', '#제주시맛집', '#애월맛집', '#중문맛집', '#제주공항맛집', '#서귀포맛집', '#산방산맛집', '#신제주맛집', '#제주시청맛집', '#제주애월맛집', '#월정리맛집', '#제주여행', '#제주핫플']"
오늘같은 날에 딱 어울리는 애월하미의 특별한 한상#신들의대왕통갈치만찬 제주에는 많은 갈치조림 집이있지만 애월하미에서 맛보는 통갈치조림은 제주어디에서도 맛볼수 없는 특별함이 있어요!! 제주도 최초로 판매하는 어마어마한 사이즈 최대 7미 (4~5지) 엄청난 떡대를 자랑하는 대왕갈치와 제주에서 꼭 맛봐야하는 돔베고기 전복구이 옥돔구이 등 다양한 사이드를 함께 맛볼 수 있어요!! 제주에서 제일 멋진 오션뷰와 제주에서 제일 맛난 갈치조림을 한상 가득 차려놓고 맛보세요!! ((대왕갈치는 하루 한정 수량 판매로 조기품절 될 수 있으니 유의하세요!!))오픈 10시30분 마감 21시 라스트오더 20시 30분070 4566 9000 위치 #애월북서길54 #애월하미#신들의대왕통갈치만찬 #애월맛집 #제주도핫플#제주맛집 #제주도맛집 #애월읍맛집 #제주도대왕통갈치조림#제주도대왕통갈치구이#제주도특대갈치#제주도통갈치조림#제주도갈치조림맛집#제주도갈치조림전문점#애월통갈치조림#애월통갈치조림전문점#제주도통갈치구이#제주도갈치맛집 #제주도골프장근처맛집#곽지맛집 #한림맛집,2021-12-08,317,애월하미,"['#신들의대왕통갈치만찬', '#애월북서길54', '#애월하미', '#신들의대왕통갈치만찬', '#애월맛집', '#제주도핫플', '#제주맛집', '#제주도맛집', '#애월읍맛집', '#제주도대왕통갈치조림', '#제주도대왕통갈치구이', '#제주도특대갈치', '#제주도통갈치조림', '#제주도갈치조림맛집', '#제주도갈치조림전문점', '#애월통갈치조림', '#애월통갈치조림전문점', '#제주도통갈치구이', '#제주도갈치맛집', '#제주도골프장근처맛집', '#곽지맛집', '#한림맛집']"
(협찬)너무맛있었던 파스토가장유명한 최애 “토마호크”하루에 팔수있는 양이 정해져있어 브런치때 먹을려고 급하게 찾아갔음💕재고가 2개 남았음....😂인생 토마호크 드실분은 무조건 일찍가세요!!!브런치 타임에 와서 그런지 웨이팅이 있었어요‼️그래도 맛있으면 괜찮아^^새우전복오일파스타랑 로제파스타 같이 시켰는데.....와 욕나올정도로 미쳣다 너무 맛있다😋바다뷰라서 그런지 분위기 너무 좋음매장이름에 걸맞게이집 파스타 맛집입니다!!완전강추👍재료소진 될수 있으니 얼른 출발하세요제주파스토제주 제주시 한림읍 한림해안로 540 2층064-796-7004,2021-12-07,0,파스토제주,[]
"*24시전주명가콩나물국밥 / 국밥콩나물국밥이 4,500원 세상에 나요. 아직도 이런금액이 있다니😭 뜨끈한 국밥 한사발 시원~하게 먹었어요. 날달걀 나오믄 국밥 나오자마자 깨서 냉큼 넣어주세요. 오징어젓갈은 언제먹어도 맛있😻 저렴한 가격에 계란말이까지 시켜서 든든하게 먹었습니다👍주소 : 제주시 월랑로10길 4(노형동 1054-2) #24시전주콩나물국밥 #콩나물국밥 #제주국밥 #제주밥집 #제주맛집 #제주도맛집 #제주시맛집 #노형동맛집 #노형맛집 #제주도민맛집 #제주그램 #제주도그램 #제주여행 #제주라이프 #제주살이 #제주도민 #jejudo #jeju #jejuisland #제주 #제주도 #제주시 #제미녀_제주시 #노형동 #제미녀 #제주도에미친녀자 #일상 #소통 #일상소통",2021-12-08,12,24시전주명가콩나물국밥노형점,"['#24시전주콩나물국밥', '#콩나물국밥', '#제주국밥', '#제주밥집', '#제주맛집', '#제주도맛집', '#제주시맛집', '#노형동맛집', '#노형맛집', '#제주도민맛집', '#제주그램', '#제주도그램', '#제주여행', '#제주라이프', '#제주살이', '#제주도민', '#jejudo', '#jeju', '#jejuisland', '#제주', '#제주도', '#제주시', '#제미녀_제주시', '#노형동', '#제미녀', '#제주도에미친녀자', '#일상', '#소통', '#일상소통']"
애월 로드129성게크림파스타흑돼지 멘치카츠흑돼지 치즈돈까스흑돼지 고구마치즈돈까스흑돼지 수제돈까스해물야끼소바재료소진시 조기마감전메뉴 포장가능#애월맛집#제주맛집#애월읍맛집#애월항맛집#제주애월점심#애월맛집추천#제주애월맛집#애월점심추천#애월밥집#제주현지인맛집#제주도민추천맛집#제주도현지인맛집#도민맛집#제주혼밥#제주시맛집#제주도맛집#금능맛집#한림맛집#협재맛집#협재해수욕장맛집#곽지해수욕장맛집#더럭분교맛집#애월해안도로#제주서쪽맛집#애월데이트코스#새별오름#애월카페#제주데이트코스,2021-12-08,저 좋아요를 눌러보세,,"['#애월맛집', '#제주맛집', '#애월읍맛집', '#애월항맛집', '#제주애월점심', '#애월맛집추천', '#제주애월맛집', '#애월점심추천', '#애월밥집', '#제주현지인맛집', '#제주도민추천맛집', '#제주도현지인맛집', '#도민맛집', '#제주혼밥', '#제주시맛집', '#제주도맛집', '#금능맛집', '#한림맛집', '#협재맛집', '#협재해수욕장맛집', '#곽지해수욕장맛집', '#더럭분교맛집', '#애월해안도로', '#제주서쪽맛집', '#애월데이트코스', '#새별오름', '#애월카페', '#제주데이트코스']"
🍂더워서 뾰루퉁 🤨,2021-12-08,14,"Seogwipo, Jeju Island, South Korea",[]
#서귀포맛집 #색달식당중문본점 친구가 해산물 킬러라서 같이 가봤습니다.친구 말로는 근래 먹어본 곳 중 감칠맛이 제일 좋았다고 해서기대를 안고 따라가봤는데 후회없었습니다.....#서귀포맛집#제주중문맛집#제주도맛집#제주갈치조림#중문갈치조림#중문관광단지맛집#제주도중문맛집#중문맛집색달식당#제주갈치구이#제주갈치조림맛집,2021-12-08,저 좋아요를 눌러보세,,"['#서귀포맛집', '#색달식당중문본점', '#서귀포맛집', '#제주중문맛집', '#제주도맛집', '#제주갈치조림', '#중문갈치조림', '#중문관광단지맛집', '#제주도중문맛집', '#중문맛집색달식당', '#제주갈치구이', '#제주갈치조림맛집']"
애월 로드129성게크림파스타흑돼지 멘치카츠흑돼지 치즈돈까스흑돼지 고구마치즈돈까스흑돼지 수제돈까스해물야끼소바재료소진시 조기마감전메뉴 포장가능#애월맛집#제주맛집#애월읍맛집#애월항맛집#제주애월점심#애월맛집추천#제주애월맛집#애월점심추천#애월밥집#제주현지인맛집#제주도민추천맛집#제주도현지인맛집#도민맛집#제주혼밥#제주시맛집#제주도맛집#제주도민맛집#금능맛집#한림맛집#협재맛집#협재해수욕장맛집#곽지해수욕장맛집#더럭분교맛집#애월해안도로#제주서쪽맛집#애월데이트코스#새별오름#애월카페#제주데이트코스,2021-12-08,저 좋아요를 눌러보세,,"['#애월맛집', '#제주맛집', '#애월읍맛집', '#애월항맛집', '#제주애월점심', '#애월맛집추천', '#제주애월맛집', '#애월점심추천', '#애월밥집', '#제주현지인맛집', '#제주도민추천맛집', '#제주도현지인맛집', '#도민맛집', '#제주혼밥', '#제주시맛집', '#제주도맛집', '#제주도민맛집', '#금능맛집', '#한림맛집', '#협재맛집', '#협재해수욕장맛집', '#곽지해수욕장맛집', '#더럭분교맛집', '#애월해안도로', '#제주서쪽맛집', '#애월데이트코스', '#새별오름', '#애월카페', '#제주데이트코스']"
애월 로드129성게크림파스타흑돼지 멘치카츠흑돼지 치즈돈까스흑돼지 고구마치즈돈까스흑돼지 수제돈까스해물야끼소바재료소진시 조기마감전메뉴 포장가능#애월맛집#제주맛집#애월읍맛집#애월항맛집#제주애월점심#애월맛집추천#제주애월맛집#애월점심추천#애월밥집#제주현지인맛집#제주도민추천맛집#제주도현지인맛집#도민맛집#제주혼밥#제주시맛집#제주도맛집#금능맛집#한림맛집#협재맛집#협재해수욕장맛집#곽지해수욕장맛집#더럭분교맛집#애월해안도로#제주서쪽맛집#애월데이트코스#새별오름#애월카페,2021-12-08,저 좋아요를 눌러보세,,"['#애월맛집', '#제주맛집', '#애월읍맛집', '#애월항맛집', '#제주애월점심', '#애월맛집추천', '#제주애월맛집', '#애월점심추천', '#애월밥집', '#제주현지인맛집', '#제주도민추천맛집', '#제주도현지인맛집', '#도민맛집', '#제주혼밥', '#제주시맛집', '#제주도맛집', '#금능맛집', '#한림맛집', '#협재맛집', '#협재해수욕장맛집', '#곽지해수욕장맛집', '#더럭분교맛집', '#애월해안도로', '#제주서쪽맛집', '#애월데이트코스', '#새별오름', '#애월카페']"
🌄성산일출봉 모해통갈치화덕구이🐟▶고객님들의 소중한 사진 감사드립니다😊모해통갈치화덕구이는제주에서 꼭 먹어봐야하는통갈치구이+ 갈치조림 + 제주흑돼지가 한상에다 나온답니다^^*음식맛💯 가성비값🖒비주얼😗👍통갈치화덕구이 드시러 오세용^^*..▶제주 서귀포시 성산읍 일출로 267▶영업시간: 오전 11시~오후 10시▶Lastorder: 오후9시▶Breaktime: 🚫없습니다😎▶☎:064-784-2024......#성산일출봉맛집#제주도#제주성산맛집#섭지코지맛집#제주통갈치조림맛집#제주갈치조림맛집#제주흑돼지맛집#성산골든튤립호텔#성산일출봉#대명리조트맛집#제주도맛집#대명리조트제주맛집#제주동쪽맛집#제주라운딩#월정리맛집#제주롯데호텔맛집#제주맛집추천#제주여행#휘닉스섭지코지#아쿠아플라넷제주맛집,2021-12-08,저 좋아요를 눌러보세,,"['#성산일출봉맛집', '#제주도', '#제주성산맛집', '#섭지코지맛집', '#제주통갈치조림맛집', '#제주갈치조림맛집', '#제주흑돼지맛집', '#성산골든튤립호텔', '#성산일출봉', '#대명리조트맛집', '#제주도맛집', '#대명리조트제주맛집', '#제주동쪽맛집', '#제주라운딩', '#월정리맛집', '#제주롯데호텔맛집', '#제주맛집추천', '#제주여행', '#휘닉스섭지코지', '#아쿠아플라넷제주맛집']"
ෆ,2021-12-08,4,,[]
#송훈파크지금 #제주 는 맑음 좋음💕겨울이 오기전 가을을 즐기게 해주려는🍂가을이주는선물🎁왕창 받아볼까요🙃❔맛 평가계의 #저승사자 👺 라 불리는 송훈셰프의 #크라운돼지 #하이드브레드제주도 에서 만나보세요^^수요일 오후가 지나갑니다.내일부터 #불타는요일 들 스타뜨💕언제나 즐거운 송훈파크 에서송훈셰프와 함께 만나뵐게요^^✔크라운돼지 12:00~21:00✔하이드브레드 11:00~20:30#송훈셰프#송훈파크#제주도카페 #제주베이커리카페#애월카페#베이커리맛집#베이커리카페#빵#빵지순례자#제주도여행#커피#커피맛집#새별오름#엘리시안제주 #제주흑돼지#애월카페#애월맛집#제주핫플#송훈랜드#제주흑돼지맛집#제주도여행#제주도맛집#981파크맛집#신화월드맛집#아르떼뮤지엄맛집,2021-12-08,3,송훈파크,"['#송훈파크지금', '#제주', '#저승사자', '#크라운돼지', '#하이드브레드제주도', '#불타는요일', '#송훈셰프', '#송훈파크', '#제주도카페', '#제주베이커리카페', '#애월카페', '#베이커리맛집', '#베이커리카페', '#빵', '#빵지순례자', '#제주도여행', '#커피', '#커피맛집', '#새별오름', '#엘리시안제주', '#제주흑돼지', '#애월카페', '#애월맛집', '#제주핫플', '#송훈랜드', '#제주흑돼지맛집', '#제주도여행', '#제주도맛집', '#981파크맛집', '#신화월드맛집', '#아르떼뮤지엄맛집']"
눈감았숴~🥲,2021-12-08,jeong_2님 여러 명이 좋아합니,"Cheonan, Korea",[]
#제주도맛집 #탐나버거송쓰 추천 맛집은 믿고먹어.....#제주핫플 #제주핫플레이스 #제주핫플카페 #제주수제버거 #제주시청맛집 #제주시맛집탐나버거 #제주시맛집 #제주공항근처맛집 #제주공항근처카페,2021-12-08,저 좋아요를 눌러보세,,"['#제주도맛집', '#탐나버거송쓰', '#제주핫플', '#제주핫플레이스', '#제주핫플카페', '#제주수제버거', '#제주시청맛집', '#제주시맛집탐나버거', '#제주시맛집', '#제주공항근처맛집', '#제주공항근처카페']"
💬-이효리도 자주온다는 맛집😋고등어회를 먹었어야 했는데 아쉬운대로 갈치회로 캬 녹네녹아👍.#제주도 #제주도여행 #제주도맛집 #이조은식당,2021-12-08,9bm님이 좋아합니,,"['#제주도', '#제주도여행', '#제주도맛집', '#이조은식당']"
"#동문시장B1 시장 한 바퀴 둘러보시다 지하 1층으로 내려오시면 정갈하고 다채로운 먹거리와 편안한 휴식공간, 선물하기 너무 좋은 다양한 기념품 샵들에 감탄하실 거에요✨🤭핑쿠핑쿠 간판 찾아 내려오셔도 되고, 주차 후 바로 엘리베이터 이용하셔도 저희 청년몰에 입장하실 수 있습니당❕(입구에 진열된 물건들은 청년몰 상품이 아닙니다😭)❤️ 수유실, 아기의자까지 완비된 진짜 편안한 공간✨❤️ 지친 몸을 쉬게 해줄 바디프렌드 안마의자존, 빈백존 완비!❤️ 가성비와 퀄리티, 맛과 친절까지 보장합니다. 놀러오세요📣☺️",2021-12-08,2,Jeju,['#동문시장B1']
#제주도민맛집 #만족한상회제주 사는 친구가 데리고 간 맛집제주도 갈치는 뭐시 이리 튼튼하고 맛있냐 #서귀포맛집#제주갈치구이맛집#제주갈치조림#중문맛집#중문맛집만족한상회#제주도맛집#중문갈치조림맛집#제주갈치조림맛집,2021-12-08,저 좋아요를 눌러보세,,"['#제주도민맛집', '#만족한상회제주', '#서귀포맛집', '#제주갈치구이맛집', '#제주갈치조림', '#중문맛집', '#중문맛집만족한상회', '#제주도맛집', '#중문갈치조림맛집', '#제주갈치조림맛집']"
"함덕해수욕장에서 차타고 1-2분거리 한번에 다섯가지를 먹을 수 있는 곳후식으로 우도땅콩아이스림까지 !!메뉴 : 안녕제주한상, 한라산을 품다, 뿔소라전복비빔밥, 뿔소라국수, 전복죽, 어린이한상위치 : 함덕 18길19영업시간 : 오전10시~오후7시20분함덕 맛집 안녕제주 많은 방문 부탁드립니다~ㅎㅎ#제주도 #제주도핫플 #제주핫플 #제주맛집 #제주도맛집 #제주도현지인맛집 #제주현지인맛집 #제주현지인추천맛집 #함덕 #함덕맛집 #함덕해수욕장근처맛집 #함덕해변 #함덕해수욕장맛집 #함덕카페 #함덕소노벨리조트 #제주도여행 #제주도민맛집 #흑돼지 #우도땅콩아이스크림 #먹방 #함덕맛집탐방 #혼밥스타그램 #안녕제주 #함덕혼밥 #함덕해수욕장 #함덕현지인맛집 #함덕맛집추천 #제주함덕맛집 #함덕전복죽 #함덕어린이메뉴",2021-12-08,저 좋아요를 눌러보세,,"['#제주도', '#제주도핫플', '#제주핫플', '#제주맛집', '#제주도맛집', '#제주도현지인맛집', '#제주현지인맛집', '#제주현지인추천맛집', '#함덕', '#함덕맛집', '#함덕해수욕장근처맛집', '#함덕해변', '#함덕해수욕장맛집', '#함덕카페', '#함덕소노벨리조트', '#제주도여행', '#제주도민맛집', '#흑돼지', '#우도땅콩아이스크림', '#먹방', '#함덕맛집탐방', '#혼밥스타그램', '#안녕제주', '#함덕혼밥', '#함덕해수욕장', '#함덕현지인맛집', '#함덕맛집추천', '#제주함덕맛집', '#함덕전복죽', '#함덕어린이메뉴']"
.#제주캠핑스톤#캠핑요리전문#캠핑펍#제주외도#제주핫플#예약필수#한정판매.#모든메뉴#포장가능#0647451630.#비어치킨#훈연통돼지바베큐#명란감바스#조개술찜#랍스타조개술찜#리코타과일안주,2021-12-08,4,,"['#제주캠핑스톤', '#캠핑요리전문', '#캠핑펍', '#제주외도', '#제주핫플', '#예약필수', '#한정판매.', '#모든메뉴', '#포장가능', '#0647451630.', '#비어치킨', '#훈연통돼지바베큐', '#명란감바스', '#조개술찜', '#랍스타조개술찜', '#리코타과일안주']"
🌄성산일출봉 모해통갈치화덕구이🐟▶고객님들의 소중한 사진 감사드립니다😊모해통갈치화덕구이는제주에서 꼭 먹어봐야하는통갈치구이+ 갈치조림 + 제주흑돼지가 한상에다 나온답니다^^*음식맛💯 가성비값🖒비주얼😗👍통갈치화덕구이 드시러 오세용^^*..▶제주 서귀포시 성산읍 일출로 267▶영업시간: 오전 11시~오후 10시▶Lastorder: 오후9시▶Breaktime: 🚫없습니다😎▶☎:064-784-2024......#성산일출봉맛집#제주도#제주성산맛집#섭지코지근처맛집#제주통갈치조림맛집#제주갈치조림맛집#제주흑돼지맛집#성산골든튤립호텔#광치기해변#해비치리조트맛집#제주도맛집#중문색달해변#성산항맛집#곽지해수욕장#월정리카페#제주신라호텔#비자림#제주여행#섭지코지#빛의벙커,2021-12-08,저 좋아요를 눌러보세,,"['#성산일출봉맛집', '#제주도', '#제주성산맛집', '#섭지코지근처맛집', '#제주통갈치조림맛집', '#제주갈치조림맛집', '#제주흑돼지맛집', '#성산골든튤립호텔', '#광치기해변', '#해비치리조트맛집', '#제주도맛집', '#중문색달해변', '#성산항맛집', '#곽지해수욕장', '#월정리카페', '#제주신라호텔', '#비자림', '#제주여행', '#섭지코지', '#빛의벙커']"
#세홍부부#신혼여행 🧡#성게전복죽 찐맛집!_!,2021-12-08,3,잠녀네집,"['#세홍부부', '#신혼여행', '#성게전복죽']"
.막 찍어도 화보 같은 월정리 카페 콧수염고객님의 멋진 사진 감사합니다 🤳⠀⠀⠀⠀⠀⠀⠀⠀⠀⠀제주시 구좌읍 해맞이해안로 406 카페콧수염070-4131-8880⠀⠀⠀⠀⠀방문해주신 모든 분들께 감사드립니다예쁜 사진 남겨주셔서 감사합니다 🌷#월정리카페 #월정리콧수염 #월정리카페콧수염 #월정리 #제주시카페 #제주 #성산맛집 #월정리카페거리 #제주도여행 #제주월정리카페 #제주도마카롱 #제주카페투어 #제주카페 #서귀포카페 #제주도기념품 #제주여행 #월정리맛집 #공항근처맛집 #제주맛집 #함덕맛집 #제주도맛집 #제주월정리 #함덕해수욕장 #제주도 #제주도카페 #성산일출봉맛집 #제주동쪽카페 #구좌읍맛집 #제주해안도로 #제주애견동반,2021-12-08,저 좋아요를 눌러보세,,"['#월정리카페', '#월정리콧수염', '#월정리카페콧수염', '#월정리', '#제주시카페', '#제주', '#성산맛집', '#월정리카페거리', '#제주도여행', '#제주월정리카페', '#제주도마카롱', '#제주카페투어', '#제주카페', '#서귀포카페', '#제주도기념품', '#제주여행', '#월정리맛집', '#공항근처맛집', '#제주맛집', '#함덕맛집', '#제주도맛집', '#제주월정리', '#함덕해수욕장', '#제주도', '#제주도카페', '#성산일출봉맛집', '#제주동쪽카페', '#구좌읍맛집', '#제주해안도로', '#제주애견동반']"
쁘띠님들💘 잘 계셨나용~?🤗제주도 가서 먹은 해물짬뽕이 생각나네요쁘띠님들은 식사 맛있게 하셨나요~? 오늘두 남은 하루 알차게 보내봐요💕💕..#홍대 #홍대피부과 #닥터쁘띠홍대점 #닥터쁘띠의원 #핵인싸 #선팔 #맞팔 #존예 #존잘 #좋아요반사 #좋아요테러 #좋아요그램 #해물짬뽕 #해물탕 #매운음식 #제주도 #제주도여행 #제주도맛집 #맛스타그램 #먹스타그램 #여행 #먹팔 #맛집탐방,2021-12-08,9,홍대입구역,"['#홍대', '#홍대피부과', '#닥터쁘띠홍대점', '#닥터쁘띠의원', '#핵인싸', '#선팔', '#맞팔', '#존예', '#존잘', '#좋아요반사', '#좋아요테러', '#좋아요그램', '#해물짬뽕', '#해물탕', '#매운음식', '#제주도', '#제주도여행', '#제주도맛집', '#맛스타그램', '#먹스타그램', '#여행', '#먹팔', '#맛집탐방']"
"함덕 제주 흑돼지무한리필 고깃집 흑백돈흑돼지 오겹살, 특수부위도 있음 !!현지인들과 관광객들이 자주 찾는 함덕 흑돼지 맛집고기 먹는동안 무한리필 가능 흐름 안 끊켜서 너무 좋음 포장주문 11시~23시오픈 15시~21시연탄불에 구워 먹는 제주흑돼지 존맛탱 !!계란찜은 서비스 !!위치 : 소노벨 앞(구대명리조트 앞)주차장 : 가게 뒷쪽배달 / 포장 : 배달의 민족, 요기요#제주함덕맛집 #함덕 #함덕맛집 #함덕흑돼지무한리필 #함덕흑돼지 #함덕해수욕장 #함덕해변 #소노벨근처맛집 #함덕해수욕장맛집 #함덕무한리필 #함덕존맛 #함덕특수부위 #함덕흑돼지맛집 #흑백돈 #함덕맛집추천 #함덕현지인맛집 #제주도핫플 #제주맛집 #제주도맛집 #제주도현지인맛집 #현지인맛집 #제주핫플 #함덕포장 #함덕흑돼지포장",2021-12-08,저 좋아요를 눌러보세,,"['#제주함덕맛집', '#함덕', '#함덕맛집', '#함덕흑돼지무한리필', '#함덕흑돼지', '#함덕해수욕장', '#함덕해변', '#소노벨근처맛집', '#함덕해수욕장맛집', '#함덕무한리필', '#함덕존맛', '#함덕특수부위', '#함덕흑돼지맛집', '#흑백돈', '#함덕맛집추천', '#함덕현지인맛집', '#제주도핫플', '#제주맛집', '#제주도맛집', '#제주도현지인맛집', '#현지인맛집', '#제주핫플', '#함덕포장', '#함덕흑돼지포장']"
"오늘도 당근을 수확했습니다.\먼 경기도에서 여행차 지난 제주시 오일장에 들렀다가, 저희 당근을 구매해 주신 손님께서 어제 밤 감사하게도 재주문을 해주셨습니다. 시장에서는 연락처가 기입된 팻말을 항상 비치해두기에 저희 당근을 맛보시고 나중에 생각이 나 연락을 주시는 분들이 많습니다. \항상 저희 돌담농장 구좌당근을 찾아주시는 손님분들께 늘 감사드립니다. 지금까지 그래왔듯 하루 하루 최선을 다 해 안심하고 드실 수 있는, 맛있는 당근을 전달해드릴 수 있도록 노력하고 또 노력하겠습니다.\12월이 무색하게 날씨가 따스한 요즘입니다. 일교차 조심하시고 오늘 하루도 화이팅입니다 :)",2021-12-08,6,,[]
새벽에 올려버리기,2021-12-08,2,,[]
버버 스트립,2021-12-08,1,Daegu,[]
@m.ann_official 🎄🐶🎅🏼🧸🤍🧦,2021-12-08,27,,[]
토스트 9초컷🤣#노고로시 #제주도카페,2021-12-08,55,,"['#노고로시', '#제주도카페']"
겨울에 핀 봄🌺동백국 꽃들이 활짝-,2021-12-02,110,휴애리 자연생활공원,[]
🌄성산일출봉 모해통갈치화덕구이🐟▶고객님들의 소중한 사진 감사드립니다😊모해통갈치화덕구이는제주에서 꼭 먹어봐야하는통갈치구이+ 갈치조림 + 제주흑돼지가 한상에다 나온답니다^^*음식맛💯 가성비값🖒비주얼😗👍통갈치화덕구이 드시러 오세용^^*..▶제주 서귀포시 성산읍 일출로 267▶영업시간: 오전 11시~오후 10시▶Lastorder: 오후9시▶Breaktime: 🚫없습니다😎▶☎:064-784-2024......#성산일출봉맛집#제주도#제주성산맛집#섭지코지맛집#제주통갈치조림맛집#제주갈치조림맛집#빛의벙커#성산골든튤립호텔#광치기해변#해비치리조트맛집#제주도맛집#중문색달해변#우도근처맛집#애월카페#월정리맛집#제주롯데호텔맛집#제주먹방투어#제주여행#섭지코지#아쿠아플라넷제주맛집,2021-12-08,1,,"['#성산일출봉맛집', '#제주도', '#제주성산맛집', '#섭지코지맛집', '#제주통갈치조림맛집', '#제주갈치조림맛집', '#빛의벙커', '#성산골든튤립호텔', '#광치기해변', '#해비치리조트맛집', '#제주도맛집', '#중문색달해변', '#우도근처맛집', '#애월카페', '#월정리맛집', '#제주롯데호텔맛집', '#제주먹방투어', '#제주여행', '#섭지코지', '#아쿠아플라넷제주맛집']"
좋아하는 무드🤍,2021-12-08,40,,[]
제주도하면 이거죠. 생물갈치!여기 소개해준 현지인도 단골이라고 하니믿고 가서 먹어보니 역시나!! 색달식당 강츄#색달식당중문본점#제주도갈치조림#제주도맛집#서귀포맛집#제주갈치조림#제주중문맛집#중문맛집색달식당#서귀포통갈치조림#제주도갈치구이#중문갈치조림#서귀포갈치조림,2021-12-08,1,제주도 서귀포시 중문단지,"['#색달식당중문본점', '#제주도갈치조림', '#제주도맛집', '#서귀포맛집', '#제주갈치조림', '#제주중문맛집', '#중문맛집색달식당', '#서귀포통갈치조림', '#제주도갈치구이', '#중문갈치조림', '#서귀포갈치조림']"
"협재 구멍가게 청귤크러핀🌱상큼함이 돋보이는 크러핀입니다!제주하면 떠오르는 청귤🍊빵 속엔 달콤상큼한 청귤생크림이 가득해요,생크림은 매일 직접 만들고 있습니다♡´･ᴗ･`♡오셔서 제주 크러핀 드셔보세요☺️#jeju #제주도 #협재해수욕장 #협재구멍가게",2021-12-08,8,제주 협재 해수욕장,"['#jeju', '#제주도', '#협재해수욕장', '#협재구멍가게']"
.👏1. 제주도 미친 이자카야 집..말도안됨12. 여기보다 맛있는 돼지고기는 죽을때까지 못찾을것 같음 아니 못찾음..말도안됨2,2021-12-08,n_daejang님 여러 명이 좋아합니,환상의 섬 Jeju Island,[]
.#제주장모술상#인생포차#제주외도#도민맛집#모든메뉴#포장가능#0647474307,2021-12-08,4,,"['#제주장모술상', '#인생포차', '#제주외도', '#도민맛집', '#모든메뉴', '#포장가능', '#0647474307']"
여행 셋쨋날 1: 🐽 & 🏎,2021-12-08,n02님 여러 명이 좋아합니,,[]
🤍,2021-12-08,67,Lct the Residence,[]
모토이시 중독자🤤🍗🌈✨맨날 생각나 맨날 야끼니꾸 먹고싶어⠀#모토이시 #모토이시제주시청점 #제주시청맛집,2021-12-08,28,제주시청,"['#모토이시', '#모토이시제주시청점', '#제주시청맛집']"
